index,pred,prob0,prob1
0,Benign,1.000000,0.000000
1,Benign,1.000000,0.000000
2,Benign,1.000000,0.000000
3,Malignant,0.000000,1.000000
4,Benign,1.000000,0.000000
5,Benign,1.000000,0.000000
6,Malignant,0.000000,1.000000
7,Malignant,0.000000,1.000000
8,Malignant,0.000000,1.000000
